id,last_action_x,days,points_at_opt_out,action,opt_out_prob,status
opted_out_1598722664:142d64be24a2efe2c37f5617790622f223d87943,reward,69.0690625,100,reward,0.15732758620689655,opted_out
opted_out_1598722641:d8d064b85370985866897e0469d372d03012c8a3,reward,82.13237268518519,100,reward,0.15732758620689655,opted_out
opted_out_1598722706:adae0d962084d1b45c6ecb189813613cf65efeab,reward,69.06953703703704,100,reward,0.15732758620689655,opted_out
opted_out_1598722850:e04fe7db3c25fc577a1071f689ff9a89d8aa5e8e,reward,67.25065972222222,50,reward,0.15732758620689655,opted_out
opted_out_1607034741:670a2f0bbd2b824603296cf25a540b9c06e76eaa,reward,5.201643518518519,100,reward,0.15732758620689655,opted_out
opted_out_1618110025:fb7ef813697069ef76eb4ea0b7e0fce554bdc036,reward,5.030995370370372,50,reward,0.15732758620689655,opted_out
opted_out_1618637043:6f56dbc3576b2e16db78890757a5b635ab9f57b7,reward,6.102013888888888,50,reward,0.15732758620689655,opted_out
opted_out_1619168868:6284645c97918b2db80d980999e4eb3ab8de4109,reward,1.9233101851851853,50,reward,0.15732758620689655,opted_out
opted_out_1598722659:017353fd5ceea38a864e24fa4f72ab3fd8230f15,reward,26.11789351851852,50,reward,0.15732758620689655,opted_out
opted_out_1598722670:eddae45676fcad25f65fd8cd29f2c3d27383e022,reward,82.33517361111113,50,reward,0.15732758620689655,opted_out
opted_out_1598722688:31053864cce1a80db0829bcc76ee5881ed87c0f0,reward,69.0671875,50,reward,0.15732758620689655,opted_out
opted_out_1600524527:756ec3aa33ae9d9501982370eec34ba27ea8df49,reward,9.018865740740743,50,reward,0.15732758620689655,opted_out
opted_out_1609471563:8f066da9b63990ed96f5629d17ef8e5f2dbc1dcd,reward,204.24416666666667,50,reward,0.15732758620689655,opted_out
opted_out_1591628513:7201553a1770fccd028d479f41a7467f9eb59000,reward,0.07927083333333332,50,reward,0.15732758620689655,opted_out
opted_out_1591805183:abd3da94d6083d41fd7bce60345b1dabff61c6a3,reward,0.0004166666666666667,50,reward,0.15732758620689655,opted_out
opted_out_1591805802:042bda41bf384c650c4cc91005b0f3a5c848de98,reward,0.0004166666666666667,50,reward,0.15732758620689655,opted_out
opted_out_1591806007:7201553a1770fccd028d479f41a7467f9eb59000,reward,0.0010069444444444444,50,reward,0.15732758620689655,opted_out
opted_out_1598722737:0f3aad9392df24ab77186b10d937bcc05ae39d96,reward,67.20122685185187,100,reward,0.15732758620689655,opted_out
opted_out_1598722843:d98bc8bd9ebcf2f1a98052e889b53d3a6a373a86,reward,69.9189699074074,50,reward,0.15732758620689655,opted_out
opted_out_1591892473:ca9e965c89361b3e858d9625d2c16e2e1f0a180e,reward,0.0003356481481481481,100,reward,0.15732758620689655,opted_out
opted_out_1600466641:269f71f08970a55d0577125e377f1df4a9add1c1,reward,66.43378472222223,100,reward,0.15732758620689655,opted_out
opted_out_1591945797:0c293530c20e146de5a24a7656df96a5d8a0c281,reward,0.0003356481481481481,50,reward,0.15732758620689655,opted_out
opted_out_1595555367:1e136df9ed4374dc0f84dd8028eec42db802bf3c,reward,32.40208333333333,50,reward,0.15732758620689655,opted_out
opted_out_1600419258:9f4dd258347fdd067d412e63b117b258eaee6698,reward,73.23840277777778,50,reward,0.15732758620689655,opted_out
opted_out_1598722831:c1704de352b478178b64a3547c035325f5d1f695,reward,67.85942129629629,50,reward,0.15732758620689655,opted_out
opted_out_1608170608:474f4c9cc2ddffb082d254d723eeb8d943bc6e57,reward,0.01775462962962963,50,reward,0.15732758620689655,opted_out
opted_out_1598722825:b863b89e579359c538ee80b6ed1c491ef17caddf,reward,36.201273148148154,50,reward,0.15732758620689655,opted_out
opted_out_1595613591:5cfcfa0cf6373227d659b805eb92e9e7ad4d95cf,reward,0.0203125,50,reward,0.15732758620689655,opted_out
opted_out_1598722818:75eec5cf77deb9d5472a15d43ee2afee14031a8b,reward,34.27226851851852,50,reward,0.15732758620689655,opted_out
opted_out_1596473295:c133d94b3475a6987fb6a01939cf190b1e0f7377,reward,0.0103125,50,reward,0.15732758620689655,opted_out
opted_out_1596472911:404cc2c3a21a3a6e6674bab30f894e71c1717722,reward,0.0006597222222222222,50,reward,0.15732758620689655,opted_out
opted_out_1596474716:c827a59c06302731a4a2d7d9265369041465ce43,reward,0.002430555555555556,50,reward,0.15732758620689655,opted_out
opted_out_1596476063:6625b676ed9db89abc1b58a24bce01b432d63a80,reward,0.0005208333333333333,50,reward,0.15732758620689655,opted_out
opted_out_1596477660:06ff37c64730bb24bdfec4effdf51f2792817522,reward,0.0006944444444444446,50,reward,0.15732758620689655,opted_out
opted_out_1596473478:1f2b6428c8fff44d6777e63fefa290f18995cab1,reward,0.01050925925925926,50,reward,0.15732758620689655,opted_out
opted_out_1598722805:012b61c6cb95ed2285acbd367eb7aed53a8c05a4,reward,10.866087962962963,50,reward,0.15732758620689655,opted_out
opted_out_1596961174:d9fce86287d2f74aeb647676f95253e13b3d52bf,reward,0.005613425925925925,50,reward,0.15732758620689655,opted_out
opted_out_1609393449:9ce0520c214d2aa3810df7006dab58474a3e851c,reward,56.573356481481476,50,reward,0.15732758620689655,opted_out
opted_out_1598459860:e4112401ababed6a504e25bb0dc7ac9a9219ba7e,reward,0.0021296296296296298,50,reward,0.15732758620689655,opted_out
opted_out_1598722799:035ad64d953dbb235f9790ffe20836849545efa9,reward,3.045358796296296,50,reward,0.15732758620689655,opted_out
opted_out_1598722794:c983dc38c8f9524f21a450ce8ef16f35c35b85eb,reward,3.043275462962963,50,reward,0.15732758620689655,opted_out
opted_out_1600466693:f7b5dc058d6638c221b5802b9cac0fb304d31c3b,reward,0.00028935185185185184,50,reward,0.15732758620689655,opted_out
opted_out_1598722789:9371cc4dde9174a4370e175922873ffe92df0201,reward,3.039826388888889,50,reward,0.15732758620689655,opted_out
opted_out_1604979598:f9dc66d1bd206abb604a275f3f3a8124850230db,reward,53.37607638888889,50,reward,0.15732758620689655,opted_out
opted_out_1598722778:6f05cf2c6c8245be1759aca4633e20e0177ad296,reward,2.3249189814814817,50,reward,0.15732758620689655,opted_out
opted_out_1598722763:ae8a22d3dbb21d4d9bfc05554bc08ffab15dbbc2,reward,0.9036226851851852,50,reward,0.15732758620689655,opted_out
opted_out_1598676913:21426dba4a3de4c73ba8fbb73f01c12820c7cc21,reward,0.0012037037037037038,50,reward,0.15732758620689655,opted_out
opted_out_1602434219:4fe698ebe16e9bfda8e9749cb886ae2f0d3bbe4a,reward,21.929340277777783,50,reward,0.15732758620689655,opted_out
opted_out_1603345624:64f660991b1b9b7f201a0c92f9bc36e55420e44e,reward,30.990891203703704,50,reward,0.15732758620689655,opted_out
opted_out_1601264971:e0950c3722bd0042a6e40b3454d11ead61ad0f64,reward,9.12570601851852,50,reward,0.15732758620689655,opted_out
opted_out_1601264923:e037549d28d9813aac6b0597abf449067717daab,reward,9.060671296296297,50,reward,0.15732758620689655,opted_out
opted_out_1604554890:6edae6ec0d48841ab33102c75fe14681a8d81753,reward,50.680844907407405,50,reward,0.15732758620689655,opted_out
opted_out_1601549495:5150835c1b48ffb10f1da968390bb60a3f986738,reward,0.0005902777777777778,50,reward,0.15732758620689655,opted_out
opted_out_1601550065:5150835c1b48ffb10f1da968390bb60a3f986738,reward,0.0054745370370370364,50,reward,0.15732758620689655,opted_out
opted_out_1602434226:48982f52a5f5ac556b03f839b265b8d978677f18,reward,10.227233796296296,50,reward,0.15732758620689655,opted_out
opted_out_1602434233:415c18aa1e53cf0c963ac3da0542cda18695bf7e,reward,10.224745370370373,50,reward,0.15732758620689655,opted_out
opted_out_1602434238:d5856a0d441c725af9b803fec288de72139d09a8,reward,10.223564814814814,50,reward,0.15732758620689655,opted_out
opted_out_1602434244:10fb05b096fc9b3a59614926e5d09f6f2ac55c15,reward,5.133101851851851,50,reward,0.15732758620689655,opted_out
opted_out_1601202996:94f1c9347d228800d63a21f838d478ff94447fbf,reward,0.001261574074074074,50,reward,0.15732758620689655,opted_out
opted_out_1602765795:60abfe6106eeea4ca0c6613cdd6de99dde241f16,reward,18.063229166666666,50,reward,0.15732758620689655,opted_out
opted_out_1602613198:e64693eae881724d9b70cd8bc5b687a6c56f3d0a,reward,1.7044097222222223,50,reward,0.15732758620689655,opted_out
opted_out_1602842135:85254036049dc329df7d7deb4234db6ff41d0f26,reward,4.307384259259258,50,reward,0.15732758620689655,opted_out
opted_out_1602585607:e45adfa4623ce4e7125bd81a09fce2d3258d77f4,reward,0.0017592592592592595,50,reward,0.15732758620689655,opted_out
opted_out_1602613167:6a8def1ba0b7c99e34dd55dfefbc5418967b0699,reward,0.003263888888888889,50,reward,0.15732758620689655,opted_out
opted_out_1602680816:0dfd5fd82531afbf61f578d82604677840b51b87,reward,0.003935185185185185,50,reward,0.15732758620689655,opted_out
opted_out_1620039152:e05552dee17c5e05f12e393a4f02d33375f1c56f,reward,178.92348379629632,50,reward,0.15732758620689655,opted_out
opted_out_1607925843:f9dc66d1bd206abb604a275f3f3a8124850230db,reward,0.03491898148148148,50,reward,0.15732758620689655,opted_out
opted_out_1607034754:59fb3260abb107d7989a98241ceaa1f37c84b228,reward,5.196041666666667,100,reward,0.15732758620689655,opted_out
opted_out_1606890484:c89e6e2c336047231626f224868ee3aa879b8e7f,reward,0.002210648148148148,50,reward,0.15732758620689655,opted_out
opted_out_1606926276:d18d5035439eccd5d3e4cd9a3b6f1a4c4f9357cd,reward,0.028784722222222225,50,reward,0.15732758620689655,opted_out
opted_out_1619880249:ffe7a8dbc322442a709d0a339ac6266bbaa03223,reward,0.00021990740740740743,50,reward,0.15732758620689655,opted_out
opted_out_1640703600:2a7ce34cac2b5114f3b926c8d9f5565cb22db7ec,reward,6.325567129629628,100,reward,0.15732758620689655,opted_out
opted_out_1658573005:e8027974eb2ac623690d54a8f39fcd1362112dfa,reward,226.26788194444444,50,reward,0.15732758620689655,opted_out
opted_out_1598722628:8c1764c2d041ab5cb8ded7dff874225d7e16f301,profile,3.154733796296296,100,profile,0.1810344827586207,opted_out
opted_out_1632576983:54a0da6afa55c93975772190f8b7758efcf5a2c7,profile,0.0019444444444444446,100,profile,0.1810344827586207,opted_out
opted_out_1619250376:02ed20767089f02ad32404a1d7642d8b26913fdf,profile,0.003240740740740741,100,profile,0.1810344827586207,opted_out
opted_out_1624712298:916bb8fb840f716bd2337a91181ad733a9694380,profile,0.0009837962962962962,100,profile,0.1810344827586207,opted_out
opted_out_1626846661:022695d5b546efab48ecd99f161fe8048c8cbb25,profile,0.0013310185185185185,69,profile,0.1810344827586207,opted_out
opted_out_1618656382:589543544e204d8111fddbe8c903d62366f5bce1,profile,0.00125,85,profile,0.1810344827586207,opted_out
opted_out_1624270564:64e15f5a12e273cc09c4f2cef5fdb6063e26e523,profile,0.0016203703703703705,97,profile,0.1810344827586207,opted_out
opted_out_1625325507:8abe87f51f45c88051395260606b3accfe4823bb,profile,0.010949074074074076,100,profile,0.1810344827586207,opted_out
opted_out_1623019877:ed3170f05df1db03dccf5a554c72845e3dc7e0e8,profile,17.041608796296295,100,profile,0.1810344827586207,opted_out
opted_out_1622342592:bbfdcf3f2de24440303565f0a21ffa0db1a48f3f,profile,0.0012037037037037038,97,profile,0.1810344827586207,opted_out
opted_out_1597327194:b4f27ed5e9d0f4c004e04f640b93e6f83cda7dcb,profile,10.249791666666667,50,profile,0.1810344827586207,opted_out
opted_out_1598722693:09dd71080aca6b2cb4ed0e3ed0e572409f9acf49,profile,85.2475925925926,50,profile,0.1810344827586207,opted_out
opted_out_1595233398:5bed4071308fc9cc9a0b606d5a6f40a22ddf116a,profile,42.36162037037037,50,profile,0.1810344827586207,opted_out
opted_out_1611593133:dfb86173d83a35d587602b8e42e1cc2209a9b891,profile,51.08234953703704,100,profile,0.1810344827586207,opted_out
opted_out_1627012374:c6c731ddacf6e3b8d474239e0ecd622c24ac5b10,profile,1.7546412037037038,50,profile,0.1810344827586207,opted_out
opted_out_1612625359:3b004bec191ebad14950515018dc821cc4e457fc,profile,183.70028935185184,50,profile,0.1810344827586207,opted_out
opted_out_1600466629:5f0187a4dbb7b87ced749de02ff9f28bb83aa142,profile,99.46434027777778,100,profile,0.1810344827586207,opted_out
opted_out_1593765337:c5d842d1608e243c2cc19b8442686c34762f1376,profile,0.050613425925925916,50,profile,0.1810344827586207,opted_out
opted_out_1636901529:6639aab539d09b67758d8772028d6cd6ad862b0b,profile,0.5628125,50,profile,0.1810344827586207,opted_out
opted_out_1596474739:139813a0bb6ce458c9c7a4b122e5d5dd3adea7c2,profile,0.00048611111111111115,50,profile,0.1810344827586207,opted_out
opted_out_1596477045:7fa39e85e277fa06420b6534b53e422f042502ba,profile,0.000462962962962963,100,profile,0.1810344827586207,opted_out
opted_out_1598520068:50f51f85eecc7d16309fad8fbccca4aeba49fe7a,profile,0.5113657407407407,50,profile,0.1810344827586207,opted_out
opted_out_1626138888:ac563043aca64b4b1c88b9b6ecfc39dcec608eb5,profile,0.0019328703703703704,50,profile,0.1810344827586207,opted_out
opted_out_1600426915:5e7a64808e7ce6cf8220ee7945ca0561acf29413,profile,0.004513888888888889,50,profile,0.1810344827586207,opted_out
opted_out_1601264886:ac4fae035ee04cbf47c075ca4cc6206d6a2139f8,profile,0.00034722222222222224,50,profile,0.1810344827586207,opted_out
opted_out_1610033984:d19e416ba91cb318299bac8658c320baab6121c1,profile,0.4894328703703704,100,profile,0.1810344827586207,opted_out
opted_out_1605657304:be2f807332f990a9b90648852d8fba75e8a341fa,profile,6.867453703703704,50,profile,0.1810344827586207,opted_out
opted_out_1608170701:474f4c9cc2ddffb082d254d723eeb8d943bc6e57,profile,0.00048611111111111115,100,profile,0.1810344827586207,opted_out
opted_out_1610042238:d19e416ba91cb318299bac8658c320baab6121c1,profile,0.09512731481481483,50,profile,0.1810344827586207,opted_out
opted_out_1615362594:f2a0e68bcad156cd26e0bb3c583deda54efe8177,profile,0.00125,100,profile,0.1810344827586207,opted_out
opted_out_1610521767:3cdf44d7311b17417387c4deb066afffe4052342,profile,0.02180555555555556,50,profile,0.1810344827586207,opted_out
opted_out_1612356699:d8091e8d13f9c40b03f6bbe3a0ebc3d7b7bb807f,profile,0.004918981481481482,100,profile,0.1810344827586207,opted_out
opted_out_1616654829:1a1794ca076e61f35b077e73366eeb905319ebca,profile,22.49043981481481,50,profile,0.1810344827586207,opted_out
opted_out_1635703896:bc959ac4b14e842d4049f2e4aa671bb8f022da86,profile,0.004201388888888889,100,profile,0.1810344827586207,opted_out
opted_out_1622264923:5193f95b4fdf2be93d55f71703500d334b16bb0b,profile,49.8372337962963,100,profile,0.1810344827586207,opted_out
opted_out_1620806998:e2e89239a2820cf247f04d299201b266204abf7e,profile,43.18222222222222,100,profile,0.1810344827586207,opted_out
opted_out_1624533322:0d730bc1eb6e865aaa736e1fe379770623f3625b,profile,0.000462962962962963,100,profile,0.1810344827586207,opted_out
opted_out_1619416261:ffe7a8dbc322442a709d0a339ac6266bbaa03223,profile,0.001875,100,profile,0.1810344827586207,opted_out
opted_out_1619416462:ffe7a8dbc322442a709d0a339ac6266bbaa03223,profile,0.0004976851851851852,50,profile,0.1810344827586207,opted_out
opted_out_1619879618:ffe7a8dbc322442a709d0a339ac6266bbaa03223,profile,0.0012268518518518518,50,profile,0.1810344827586207,opted_out
opted_out_1619881491:53a74d7699a3c1700b3ded468f8329fba9ed36c7,profile,0.019479166666666662,100,profile,0.1810344827586207,opted_out
opted_out_1627012476:df795fa5d4ddf015a4d90d97b7c8f66f0a633b8b,profile,4.10894675925926,100,profile,0.1810344827586207,opted_out
opted_out_1622448133:22ba25c1147266dfd1ce215070cc221ac94ff314,profile,0.2509490740740741,100,profile,0.1810344827586207,opted_out
opted_out_1629211389:19eb2dcc33783f89437997e3c4d7856ed45acc48,profile,48.29925925925926,50,profile,0.1810344827586207,opted_out
opted_out_1625172463:530a97e0c3b490a1e0873631c44422a11ebc56a5,profile,0.005960648148148148,50,profile,0.1810344827586207,opted_out
opted_out_1625333355:64e15f5a12e273cc09c4f2cef5fdb6063e26e523,profile,0.002638888888888889,50,profile,0.1810344827586207,opted_out
opted_out_1630483443:311022a3db20b6d5c6e69d313ce746f0858e4743,profile,0.0051504629629629635,100,profile,0.1810344827586207,opted_out
opted_out_1636732501:0011ccf370fce6f4b628c5f3a2d9787f021b2c58,profile,7.511597222222222,100,profile,0.1810344827586207,opted_out
opted_out_1637139256:29226ea097cc90161a87dc39e2beebe45af8af6a,profile,14.005277777777776,50,profile,0.1810344827586207,opted_out
opted_out_1635867898:a526652a0b2f3b5f800a36fe91a1a17edfe69269,profile,0.00024305555555555558,50,profile,0.1810344827586207,opted_out
opted_out_1591294907:41fd9d28fe9960aa1d7f726c0042fa5b345136e1,profile,0.0001967592592592593,50,profile,0.1810344827586207,opted_out
opted_out_1591295068:41fd9d28fe9960aa1d7f726c0042fa5b345136e1,profile,0.00027777777777777783,50,profile,0.1810344827586207,opted_out
opted_out_1595233143:15dd2d2e2c0baa134e287522ba32f571e63e7958,profile,45.228877314814824,100,profile,0.1810344827586207,opted_out
opted_out_1591517109:811878a3e2f96f07712f3db67e9ce7de500a71dd,profile,0.0012731481481481485,50,profile,0.1810344827586207,opted_out
opted_out_1591519047:2c358c7bd217afb00aa195ca47ec671fe75a3909,profile,0.0017592592592592595,50,profile,0.1810344827586207,opted_out
opted_out_1595163727:bc97bc0d0f7fb981d85d27c8709a1b9fcc5036ce,profile,42.05966435185185,50,profile,0.1810344827586207,opted_out
opted_out_1595233342:48854821fe8949858e840b28953814542c5d5736,profile,42.60991898148149,50,profile,0.1810344827586207,opted_out
opted_out_1591580587:7c0fc34b5d8f315379dc29efac1a5b0bc6ee1816,profile,0.0005555555555555557,50,profile,0.1810344827586207,opted_out
opted_out_1595233338:561be87a5d547c1878b11a467797d3f2bc8a0bb4,profile,42.251423611111115,50,profile,0.1810344827586207,opted_out
opted_out_1591436597:ffc813cc423bbdc0b2479a76126616384d95be63,profile,0.005208333333333333,50,profile,0.1810344827586207,opted_out
opted_out_1591639059:6c345163526f6b87ff58922baf80e5ffa0b76a46,profile,0.00020833333333333332,50,profile,0.1810344827586207,opted_out
opted_out_1591639107:6c345163526f6b87ff58922baf80e5ffa0b76a46,profile,0.00020833333333333332,50,profile,0.1810344827586207,opted_out
opted_out_1591639306:6c345163526f6b87ff58922baf80e5ffa0b76a46,profile,0.00021990740740740743,50,profile,0.1810344827586207,opted_out
opted_out_1591639423:6c345163526f6b87ff58922baf80e5ffa0b76a46,profile,0.00032407407407407406,50,profile,0.1810344827586207,opted_out
opted_out_1591639496:6c345163526f6b87ff58922baf80e5ffa0b76a46,profile,0.0005092592592592592,50,profile,0.1810344827586207,opted_out
opted_out_1598722711:6c345163526f6b87ff58922baf80e5ffa0b76a46,profile,81.4350462962963,50,profile,0.1810344827586207,opted_out
opted_out_1598722731:abd3da94d6083d41fd7bce60345b1dabff61c6a3,profile,80.06390046296295,50,profile,0.1810344827586207,opted_out
opted_out_1595233442:ddcdd0ae293f145468314fd5d8502543ed2bd47c,profile,39.1385300925926,50,profile,0.1810344827586207,opted_out
opted_out_1595349184:16a3720fe9c329c8cbc3340b14b1707dc6c6ddb2,profile,0.0002662037037037037,50,profile,0.1810344827586207,opted_out
opted_out_1618115954:4bc2c58b2d77cc0d8cf23f8ae500bcbc9bebe292,profile,0.002430555555555556,100,profile,0.1810344827586207,opted_out
opted_out_1596472994:404cc2c3a21a3a6e6674bab30f894e71c1717722,profile,0.0006712962962962962,50,profile,0.1810344827586207,opted_out
opted_out_1596473226:404cc2c3a21a3a6e6674bab30f894e71c1717722,profile,0.0018402777777777773,50,profile,0.1810344827586207,opted_out
opted_out_1596474076:404cc2c3a21a3a6e6674bab30f894e71c1717722,profile,0.0020601851851851853,50,profile,0.1810344827586207,opted_out
opted_out_1596475008:1f2b6428c8fff44d6777e63fefa290f18995cab1,profile,0.0004282407407407408,50,profile,0.1810344827586207,opted_out
opted_out_1596475059:1f2b6428c8fff44d6777e63fefa290f18995cab1,profile,0.0001967592592592593,50,profile,0.1810344827586207,opted_out
opted_out_1598676949:21426dba4a3de4c73ba8fbb73f01c12820c7cc21,profile,0.00015046296296296297,50,profile,0.1810344827586207,opted_out
opted_out_1600524768:756ec3aa33ae9d9501982370eec34ba27ea8df49,profile,0.0022453703703703702,50,profile,0.1810344827586207,opted_out
opted_out_1600525490:756ec3aa33ae9d9501982370eec34ba27ea8df49,profile,0.004224537037037037,50,profile,0.1810344827586207,opted_out
opted_out_1619930764:aadb61aa608057caaa20ddcf227c52ab6e11b6fb,profile,0.003043981481481481,100,profile,0.1810344827586207,opted_out
opted_out_1601202855:94f1c9347d228800d63a21f838d478ff94447fbf,profile,0.005787037037037037,50,profile,0.1810344827586207,opted_out
opted_out_1608310947:b1378b3452ab4ba8ad618fd131fed965b5afba1e,profile,0.0010995370370370369,50,profile,0.1810344827586207,opted_out
opted_out_1619195028:e15f818e2e948ad764274ed252f698cf062d8a45,profile,121.00104166666668,50,profile,0.1810344827586207,opted_out
opted_out_1611370951:d55511231eed7b27a68571828d06fe7faac4dfcf,profile,13.653657407407408,50,profile,0.1810344827586207,opted_out
opted_out_1626850556:022695d5b546efab48ecd99f161fe8048c8cbb25,profile,0.0409375,50,profile,0.1810344827586207,opted_out
opted_out_1598722634:5acf8e50ad5a2466ac99c6797756602d401610df,level_up,11.383923611111115,50,level_up,0.14439655172413793,opted_out
opted_out_1607034760:9f49ea7dffa7c3434fe441491b9c2cbfe1039aef,level_up,52.5678587962963,100,level_up,0.14439655172413793,opted_out
opted_out_1591639015:6c345163526f6b87ff58922baf80e5ffa0b76a46,level_up,0.11238425925925924,50,level_up,0.14439655172413793,opted_out
opted_out_1591676964:7201553a1770fccd028d479f41a7467f9eb59000,level_up,0.0007638888888888888,50,level_up,0.14439655172413793,opted_out
opted_out_1598892598:542fb58529e1bd1a0413aad89f4031e68c1202d2,level_up,1.8592013888888892,50,level_up,0.14439655172413793,opted_out
opted_out_1595162892:bc25c814e54422b85c200cc016f26d63770ab542,level_up,45.815983796296294,50,level_up,0.14439655172413793,opted_out
opted_out_1595163028:7328e22b36922cb034e01e6de80f4b78da67ebae,level_up,45.741226851851856,50,level_up,0.14439655172413793,opted_out
opted_out_1595163162:b7d329d4c31b5e37057f9304d906d076abc95fef,level_up,45.735324074074065,50,level_up,0.14439655172413793,opted_out
opted_out_1614217474:0eca96f847c7954bcb1d3d6138280e8c28ec68ad,level_up,266.2692476851852,50,level_up,0.14439655172413793,opted_out
opted_out_1595163227:3f1d6c82178c2e0d676de1cdc9656d369a9727bc,level_up,45.71479166666666,50,level_up,0.14439655172413793,opted_out
opted_out_1595163281:691eacea678b5a2443c4411dd0e2f76fc1435e96,level_up,45.70672453703704,50,level_up,0.14439655172413793,opted_out
opted_out_1595163421:244df1849f3978179e020cb8d91c0dbe7bc74956,level_up,45.701493055555545,50,level_up,0.14439655172413793,opted_out
opted_out_1595163629:790d58b5cc404c4055fb0ff20ad127fbf0910139,level_up,45.69387731481481,50,level_up,0.14439655172413793,opted_out
opted_out_1595163816:f277ec8115e49f36ae9c6d90d1dbdbcc3efe0e02,level_up,45.69196759259259,50,level_up,0.14439655172413793,opted_out
opted_out_1595163880:9eb4407827b0471a48fa568a3f966d1969f685b6,level_up,45.67796296296297,50,level_up,0.14439655172413793,opted_out
opted_out_1595163915:2c5366ee04bc0934e4ff166cd3c6230a0666be68,level_up,45.677685185185176,50,level_up,0.14439655172413793,opted_out
opted_out_1595163982:a40e8d7be434be007d5664b6de4ad65f71873636,level_up,45.65262731481482,50,level_up,0.14439655172413793,opted_out
opted_out_1595164041:8b64df124db025f3bd4fcb515a056e14d178c34b,level_up,45.40871527777777,50,level_up,0.14439655172413793,opted_out
opted_out_1595164146:769fd72b7c97081491bd8b68390ba6f4303d3b0f,level_up,45.381851851851856,50,level_up,0.14439655172413793,opted_out
opted_out_1598722784:f55ef3cb057c08e1eec806242c1d243f2045ab4d,level_up,2.3319212962962963,50,level_up,0.14439655172413793,opted_out
opted_out_1601550705:415c18aa1e53cf0c963ac3da0542cda18695bf7e,level_up,0.0004976851851851852,50,level_up,0.14439655172413793,opted_out
opted_out_1595164204:ad502661a0f32ddcce6af8b8dcdfd026ca33a43c,level_up,45.25387731481482,50,level_up,0.14439655172413793,opted_out
opted_out_1595164178:98c01f1eaba306988cc29b726801df3724302d64,level_up,45.255393518518524,50,level_up,0.14439655172413793,opted_out
opted_out_1595164256:4b3781f19af28c28ea687b6f2d030af7e610e9d8,level_up,45.25336805555556,50,level_up,0.14439655172413793,opted_out
opted_out_1595233322:f7ce5d1693799c55605fe0110aa91ab74b5c53de,level_up,46.0484375,50,level_up,0.14439655172413793,opted_out
opted_out_1621998942:d0570ff893c46861683a7c64c22e7db5cc5ecf6b,level_up,355.8339236111111,50,level_up,0.14439655172413793,opted_out
opted_out_1595233324:073a3c79343c01a42b8999d7f1a4b18638d4dd82,level_up,46.046574074074066,50,level_up,0.14439655172413793,opted_out
opted_out_1595233327:416f7ec8c21eca733c0bdcf492e59dac8919d92f,level_up,46.04462962962963,50,level_up,0.14439655172413793,opted_out
opted_out_1595233323:f26082d365f0e72ce23bea95382e49b1260531a9,level_up,46.04741898148149,50,level_up,0.14439655172413793,opted_out
opted_out_1595233328:622d6a20c89674fc3009bd633a7cd0cbc0e48346,level_up,46.04440972222223,50,level_up,0.14439655172413793,opted_out
opted_out_1595233325:43bfb17ec5486faf7bc56933f9877ba136886ae6,level_up,46.04630787037037,50,level_up,0.14439655172413793,opted_out
opted_out_1595233329:6cc2a46dca24bba1a92587bf60dd42feb1373700,level_up,46.0379050925926,50,level_up,0.14439655172413793,opted_out
opted_out_1595233330:317477465a3517af8a3f236801e0b5782035e26a,level_up,46.03540509259259,50,level_up,0.14439655172413793,opted_out
opted_out_1591684958:eca547ee5cd63e27e7abbc520732ba6d93c14de8,level_up,4.968032407407407,50,level_up,0.14439655172413793,opted_out
opted_out_1595233331:fba95093acc5830514339ff1f40fdbd96f70d085,level_up,46.03479166666666,50,level_up,0.14439655172413793,opted_out
opted_out_1595233334:f67599a7745ac18703fe625ac41e51d51665e743,level_up,46.03177083333333,50,level_up,0.14439655172413793,opted_out
opted_out_1595233332:b1c67a5f8ce830923ae453997e3ae44fdd0e6eb2,level_up,46.03417824074074,50,level_up,0.14439655172413793,opted_out
opted_out_1595233335:ba23dad4b471f7720db387d68c4dda98adb557a4,level_up,46.02837962962963,50,level_up,0.14439655172413793,opted_out
opted_out_1595233336:96bd696ec0aa652f7b6100fc67c8a162e0318ba4,level_up,46.026388888888896,50,level_up,0.14439655172413793,opted_out
opted_out_1595233337:efc63c160ed9bed4e42fe0452732d4740aa1a96a,level_up,46.0259837962963,50,level_up,0.14439655172413793,opted_out
opted_out_1595233340:db1218dd8d58f8df335c04c2874aaef1788d83a3,level_up,46.02505787037037,50,level_up,0.14439655172413793,opted_out
opted_out_1595233341:18031626034a4afe9fcaf28442aa3d83a3de73c4,level_up,46.025,50,level_up,0.14439655172413793,opted_out
opted_out_1595233344:8c74ab3f04a9616869c07cdcebab30536c473eb0,level_up,46.02487268518519,50,level_up,0.14439655172413793,opted_out
opted_out_1595233339:a5ec4259532ef664428b0c35c8e82807cfaf557f,level_up,46.025173611111114,50,level_up,0.14439655172413793,opted_out
opted_out_1591685004:55b9b8b91157bcffc751e11a6e0d416c6a77fba3,level_up,4.953333333333333,50,level_up,0.14439655172413793,opted_out
opted_out_1595233345:ff928232983f14781fbfc06bfb59b172e53b65dd,level_up,46.01778935185185,50,level_up,0.14439655172413793,opted_out
opted_out_1595233346:b55e175a068692dac9d10d38aa16c826ba5a12e0,level_up,46.01648148148149,50,level_up,0.14439655172413793,opted_out
opted_out_1595233347:904e67602963d548112dbbd0990941f4d5501416,level_up,46.0090162037037,50,level_up,0.14439655172413793,opted_out
opted_out_1591688094:36eaaeedeeaddfd83ea67e3a2e3f661b1f524ddb,level_up,4.973877314814816,50,level_up,0.14439655172413793,opted_out
opted_out_1595233348:19fcdf51cdc9d68853241140a93b6adbcb21a37e,level_up,45.943622685185176,50,level_up,0.14439655172413793,opted_out
opted_out_1595233349:84b378329853f49b741653c5e2a77710b185bc80,level_up,45.85013888888889,50,level_up,0.14439655172413793,opted_out
opted_out_1595233350:aa8c59f23a2cbf6ba19011f27cc7aa6efefe1803,level_up,45.832013888888895,50,level_up,0.14439655172413793,opted_out
opted_out_1595233354:654406f28b27331cf46aaba534e8822915d240f8,level_up,45.79642361111111,50,level_up,0.14439655172413793,opted_out
opted_out_1595233351:0cbd17e5f2cd7a2ce8ff864f651b9b042e192839,level_up,45.80546296296296,50,level_up,0.14439655172413793,opted_out
opted_out_1595233352:e0e403fe0ace50e0b02dce2b80f24fdcda8a7ab4,level_up,45.8015625,50,level_up,0.14439655172413793,opted_out
opted_out_1595233355:3884f0d5ba3e418f5cb452966121ec636f8ab6c7,level_up,45.735555555555564,50,level_up,0.14439655172413793,opted_out
opted_out_1595233356:fa92c3321aa5b75262b545f02d3fc30a058171b3,level_up,45.72622685185186,50,level_up,0.14439655172413793,opted_out
opted_out_1595233357:86bce22a4d2805649853ac7909c4efb4dd18f255,level_up,45.70462962962963,50,level_up,0.14439655172413793,opted_out
opted_out_1595233363:fea437bbda6ab719a3a794faa89207a085f889aa,level_up,45.67326388888889,50,level_up,0.14439655172413793,opted_out
opted_out_1595233364:5a7b2f667646ad6451070fecaf4d633932d04a20,level_up,45.6713425925926,50,level_up,0.14439655172413793,opted_out
opted_out_1595233365:af00ef31bb91d056c29003a554e8c818aaab34f9,level_up,45.671006944444436,50,level_up,0.14439655172413793,opted_out
opted_out_1595233358:9b6e013abf682adfd0e1dca5287523e6d43903a7,level_up,45.67931712962963,50,level_up,0.14439655172413793,opted_out
opted_out_1595233359:162f1ba3c0e5f80c1ed258a746adf188296bd842,level_up,45.679016203703696,50,level_up,0.14439655172413793,opted_out
opted_out_1595233361:644026fd539ff8133267376d05eda4031f6bc907,level_up,45.679016203703696,50,level_up,0.14439655172413793,opted_out
opted_out_1595233362:b82de1f8422633b2f894d59ab2ee978e2b13a475,level_up,45.67708333333334,50,level_up,0.14439655172413793,opted_out
opted_out_1595233366:f280a4577709d3188eee4f8294cff87da302d6af,level_up,45.66653935185185,50,level_up,0.14439655172413793,opted_out
opted_out_1595233367:eb467abe491a2c0b8bc5fb4275ce676141300d83,level_up,45.66181712962963,50,level_up,0.14439655172413793,opted_out
opted_out_1595233145:967b0ac6cb86ae4a0be788dfd03ba89988922ab8,checkout_item,37.68888888888889,92,checkout_item,0.010775862068965518,opted_out
opted_out_1595233424:a3174d225726049571b17cf95aff84f176800139,checkout_item,37.11729166666667,80,checkout_item,0.010775862068965518,opted_out
opted_out_1596615054:621d9aef0b2afbcb438c8289cdefe4db4b982637,checkout_item,10.863287037037036,100,checkout_item,0.010775862068965518,opted_out
opted_out_1627022673:6a35b684f4b0fa8e65d69e650baad081c4110c90,checkout_item,0.0001273148148148148,92,checkout_item,0.010775862068965518,opted_out
opted_out_1629075261:b3f9d498c1d5a17ad5c239e1d40b2492cba60167,checkout_item,0.8054050925925926,100,checkout_item,0.010775862068965518,opted_out
opted_out_1598722837:5b2dfbea1b1455f6081efb822de5805827303ad1,checkout,68.04748842592592,100,checkout,0.008620689655172414,opted_out
opted_out_1595348916:cb66d9a17a58e7bf848ac6973ed648ba9771de2a,checkout,0.0007407407407407407,50,checkout,0.008620689655172414,opted_out
opted_out_1614963985:c9b937420293027daa23cb43a03265e978fa36a3,checkout,0.0023148148148148147,60,checkout,0.008620689655172414,opted_out
opted_out_1627926125:6e6794eefb60cea288f642819af0591aedac3fb6,checkout,10.630636574074074,100,checkout,0.008620689655172414,opted_out
opted_out_1592814573:9e1a98be3b8d6ea2eb0864672b9d4057d7d4e66a,refund,0.020763888888888887,100,refund,0.0021551724137931034,opted_out
opted_out_1592916956:9e1a98be3b8d6ea2eb0864672b9d4057d7d4e66a,coupon_redeem,0.13501157407407408,100,coupon_redeem,0.015086206896551725,opted_out
opted_out_1598722726:c88f3cf52dd7e2f216343578010f0b796233e68c,coupon_redeem,58.000590277777775,50,coupon_redeem,0.015086206896551725,opted_out
opted_out_1613955195:c3cda795a1a82fce4ccac99f87c7414c6611b1db,coupon_redeem,205.38202546296296,100,coupon_redeem,0.015086206896551725,opted_out
opted_out_1601716556:5ec2f8023e7af3d8f130306d78bee62dc6570890,coupon_redeem,63.039340277777775,92,coupon_redeem,0.015086206896551725,opted_out
opted_out_1619933016:7add4f010bf7213851b07bfa4319a845bf4df492,coupon_redeem,10.757546296296296,50,coupon_redeem,0.015086206896551725,opted_out
opted_out_1625440415:9ad608fbca2fba181530b3b3574515eff9d88cda,coupon_redeem,1.6052546296296295,75,coupon_redeem,0.015086206896551725,opted_out
opted_out_1636338423:1eeb1a871e8517096a4ad63dc9ca7d669f7951a4,coupon_redeem,14.805636574074073,100,coupon_redeem,0.015086206896551725,opted_out
opted_out_1598892629:8f39d252cc3235265eca37f7dd06fcfc789f743b,referral,1.869305555555556,50,referral,0.01293103448275862,opted_out
opted_out_1598722810:1f2b6428c8fff44d6777e63fefa290f18995cab1,referral,3.0401041666666666,100,referral,0.01293103448275862,opted_out
opted_out_1602613211:916e71d608b02ae5d3c0e9911edebdedd1488315,referral,0.0038310185185185188,100,referral,0.01293103448275862,opted_out
opted_out_1635614605:474f4c9cc2ddffb082d254d723eeb8d943bc6e57,referral,317.6347569444445,100,referral,0.01293103448275862,opted_out
opted_out_1597724688:1470c7db7264927644391883cbd12495836d5f4c,referral,29.069826388888888,100,referral,0.01293103448275862,opted_out
opted_out_1646038264:60bd3e85ab7a332a23c66f7af7933d9beab54e77,referral,216.61090277777774,50,referral,0.01293103448275862,opted_out
opted_out_1654058103:8483cb9a4adcbf0dab06a1ed7e405014e0e43d00,point_sub,0.00431712962962963,50,point_sub,0.01939655172413793,opted_out
opted_out_1603699320:ba224d893995d770340c09acc89ae9e281385c25,point_sub,0.0018171296296296297,50,point_sub,0.01939655172413793,opted_out
opted_out_1652066367:f670cff31d49bf279cbee915a5aec89e39ce5b98,point_sub,0.0038541666666666663,50,point_sub,0.01939655172413793,opted_out
opted_out_1649062312:a463d0abdc833db16e4540fb9fecf110691d2171,point_sub,0.0013888888888888892,50,point_sub,0.01939655172413793,opted_out
opted_out_1649389105:050cabfe5094fe315d05bc25df7522ceb2fc8485,point_sub,0.00013888888888888892,50,point_sub,0.01939655172413793,opted_out
opted_out_1652067536:674dc36d5e0d228f66181bd267498e59ff988c8c,point_sub,0.001990740740740741,50,point_sub,0.01939655172413793,opted_out
opted_out_1655257744:d29b6528c88203ac7442216bb1a09a91459ab816,point_sub,0.0001851851851851852,50,point_sub,0.01939655172413793,opted_out
opted_out_1654156215:ebbd8edc26a4c0ea7161420641cc5a6481cb304a,point_sub,0.0019444444444444446,50,point_sub,0.01939655172413793,opted_out
opted_out_1651030821:0e2e469667c94db4b996d2431251a9985208e96d,point_sub,0.0010185185185185184,50,point_sub,0.01939655172413793,opted_out
opted_out_1614964007:b2d0fb62b1a9fdee936a58340de7300507e29818,Earn bonus +150 points on your next purchase!,10.259039351851852,100,Earn bonus +150 points on your next purchase!,0.0021551724137931034,opted_out
opted_out_1604539868:d4e943dead6ab5efe278f0173024a3cf25ba1388,Joined the Program,153.78618055555555,50,Joined the Program,0.4224137931034483,opted_out
opted_out_1594174949:6ebab76227732468b11f15f3278948411f5b48f3,Joined the Program,33.7912037037037,50,Joined the Program,0.4224137931034483,opted_out
opted_out_1591805719:e93ab15b0e57efda38f4eae907671b90b8cc3fda,Joined the Program,5.977789351851853,50,Joined the Program,0.4224137931034483,opted_out
opted_out_1591291141:20db83b2e56ea97bc3fbc2732e365cedc25e8f40,Joined the Program,0.01244212962962963,50,Joined the Program,0.4224137931034483,opted_out
opted_out_1591292350:d569c5a92c9d7ed320126409dd2a445ce484ac6d,Joined the Program,0.00020833333333333332,50,Joined the Program,0.4224137931034483,opted_out
opted_out_1598722653:122dcd837f751ee22399a6dc0369d8ce5ace9f36,Joined the Program,85.99453703703703,50,Joined the Program,0.4224137931034483,opted_out
opted_out_1602613184:569ec0b64a83aa70889810051e2e64fea4d287ac,Joined the Program,131.01859953703706,50,Joined the Program,0.4224137931034483,opted_out
opted_out_1591294036:e9e97d066739df6bb55df32572eccf591cece859,Joined the Program,0.0003356481481481481,50,Joined the Program,0.4224137931034483,opted_out
opted_out_1591294800:41fd9d28fe9960aa1d7f726c0042fa5b345136e1,Joined the Program,0.0002546296296296296,50,Joined the Program,0.4224137931034483,opted_out
opted_out_1591298507:8f39d252cc3235265eca37f7dd06fcfc789f743b,Joined the Program,0.023761574074074074,50,Joined the Program,0.4224137931034483,opted_out
opted_out_1591298612:8f39d252cc3235265eca37f7dd06fcfc789f743b,Joined the Program,0.00038194444444444446,50,Joined the Program,0.4224137931034483,opted_out
opted_out_1598722675:13536363de3a497e5fcd17bf529139e01c47d2ba,Joined the Program,85.90875,50,Joined the Program,0.4224137931034483,opted_out
opted_out_1598722681:7786d6e98d7f2b0ffdde50950da3cbffbb81c59c,Joined the Program,85.89644675925926,50,Joined the Program,0.4224137931034483,opted_out
opted_out_1598722700:055fb7117e871f33f88a9b6ffe0edc5642b54fe9,Joined the Program,85.84137731481482,50,Joined the Program,0.4224137931034483,opted_out
opted_out_1597384525:474b92a799eecda475f696e52a2203744a85a044,Joined the Program,70.25657407407408,50,Joined the Program,0.4224137931034483,opted_out
opted_out_1597285226:b4624cecf0fb2c295b2c431264a7d164b45c9e69,Joined the Program,69.02790509259259,50,Joined the Program,0.4224137931034483,opted_out
opted_out_1597285146:8098164eadb9f5f13b5d70a3b81e2a47181e417e,Joined the Program,69.02694444444444,50,Joined the Program,0.4224137931034483,opted_out
opted_out_1595233371:ffcfd3d585baa28a335e02f9c86d97af5436428d,Joined the Program,45.2549537037037,50,Joined the Program,0.4224137931034483,opted_out
opted_out_1595233374:287209d46c12c8e2ddf682c6f3b280b4f07ee8f7,Joined the Program,45.2133912037037,50,Joined the Program,0.4224137931034483,opted_out
opted_out_1595233379:d6d93e872555eb97083ed01b2213c566c062c1bc,Joined the Program,45.17855324074074,50,Joined the Program,0.4224137931034483,opted_out
opted_out_1595233380:3f7dd86499cd65fa2b27a69366db2000a3e75810,Joined the Program,45.176678240740735,50,Joined the Program,0.4224137931034483,opted_out
opted_out_1595233381:b805554dc023a5a37129b76f32364c0fd9ecaeae,Joined the Program,45.17241898148149,50,Joined the Program,0.4224137931034483,opted_out
opted_out_1595233383:a31784990408f9ecf7f511211e75793ed3589347,Joined the Program,45.167048611111106,50,Joined the Program,0.4224137931034483,opted_out
opted_out_1595233385:a0c3698fd8bb3e2a2fd821181caff5bc139eb31b,Joined the Program,45.15642361111111,50,Joined the Program,0.4224137931034483,opted_out
opted_out_1595233400:519939c3fba42ddcfd64261a2d5d124e14d368d2,Joined the Program,45.07635416666667,50,Joined the Program,0.4224137931034483,opted_out
opted_out_1595233394:abac78a354b644134bc9ea68ebac44adb34f6504,Joined the Program,45.114212962962974,50,Joined the Program,0.4224137931034483,opted_out
opted_out_1595233402:0cf5b8545dfd2df8809c5c8c5da740c442688dc6,Joined the Program,45.074768518518525,50,Joined the Program,0.4224137931034483,opted_out
opted_out_1595233390:c41f17de0be5ba59a4172930b6607496d46a6586,Joined the Program,45.14572916666667,50,Joined the Program,0.4224137931034483,opted_out
opted_out_1595233403:3c4dfa829431b559b1dc55dfb4b1867fca2d0641,Joined the Program,45.05965277777778,50,Joined the Program,0.4224137931034483,opted_out
opted_out_1595233404:7fddb6f19c613a72f2facedf6f28943981343496,Joined the Program,45.05320601851852,50,Joined the Program,0.4224137931034483,opted_out
opted_out_1595233405:299cff1ed2f77d05eb2d27f7761c8b600b8b8912,Joined the Program,45.04891203703704,50,Joined the Program,0.4224137931034483,opted_out
opted_out_1595233406:e647715b969c72e254643f80c2068e1a0b3cdebc,Joined the Program,45.04494212962963,50,Joined the Program,0.4224137931034483,opted_out
opted_out_1616332740:fb1542b8be223e2c78817dee3ab5072788153cd4,Joined the Program,289.2463888888889,50,Joined the Program,0.4224137931034483,opted_out
opted_out_1595233408:47fb08a4825ece0abcaf50aef8f75475e0445026,Joined the Program,45.01903935185185,50,Joined the Program,0.4224137931034483,opted_out
opted_out_1595233410:0db8e21230b25bf2e27d36344e076c1fbdbbfb55,Joined the Program,45.001273148148144,50,Joined the Program,0.4224137931034483,opted_out
opted_out_1595233411:c03af6a38f6572d872359471ab7d57eee5a88570,Joined the Program,44.99546296296296,50,Joined the Program,0.4224137931034483,opted_out
opted_out_1595233412:e1bed21776c806692773193216dff32612380430,Joined the Program,44.981365740740735,50,Joined the Program,0.4224137931034483,opted_out
opted_out_1595233422:d787f425f2f363f5201117e2c27f4edcde53eb52,Joined the Program,44.93769675925926,50,Joined the Program,0.4224137931034483,opted_out
opted_out_1595233427:abf864d3e654cc6561abfb5d32bbbdc0aa7a1372,Joined the Program,44.874525462962964,50,Joined the Program,0.4224137931034483,opted_out
opted_out_1595233420:e9a7b41cae39c5e5dfcf1e6b1b784c4fc31259dc,Joined the Program,44.949050925925924,50,Joined the Program,0.4224137931034483,opted_out
opted_out_1595233416:b5faf8ce3838a8ad43d137f29fc9e655fc3b3b81,Joined the Program,44.9600925925926,50,Joined the Program,0.4224137931034483,opted_out
opted_out_1595233417:6f2a00576c7445ec4cecfeefcdedb08b5f9bb77a,Joined the Program,44.95708333333334,50,Joined the Program,0.4224137931034483,opted_out
opted_out_1595233418:1b92b7ac357446678f42de97a52baaa8b996fa92,Joined the Program,44.95649305555556,50,Joined the Program,0.4224137931034483,opted_out
opted_out_1595233419:34df0965abbdbcdad9307a1e26180b08cb5a705b,Joined the Program,44.95416666666666,50,Joined the Program,0.4224137931034483,opted_out
opted_out_1618807979:721ae3dd8da77c6bc1db42bba4bd25b2d768741b,Joined the Program,317.5382638888889,50,Joined the Program,0.4224137931034483,opted_out
opted_out_1595233441:654c9c53b65ce7c99d009aebc12575251763b0d4,Joined the Program,44.6787037037037,50,Joined the Program,0.4224137931034483,opted_out
opted_out_1595233444:c3610f961ff34c75626a979caf8a767a36f731f8,Joined the Program,44.61239583333333,50,Joined the Program,0.4224137931034483,opted_out
opted_out_1595233440:4c7fe54f3a96b5fb7da5d04d104f19313f387699,Joined the Program,44.703796296296304,50,Joined the Program,0.4224137931034483,opted_out
opted_out_1591672469:7485c8b8a148556c4a173c84504372ee9aca955f,Joined the Program,3.3278587962962964,50,Joined the Program,0.4224137931034483,opted_out
opted_out_1595233445:d4c8d1819455e3db46c6b2eb2e3fbedf1526475b,Joined the Program,44.5790162037037,50,Joined the Program,0.4224137931034483,opted_out
opted_out_1595233446:e5f2d0c54423df01ac6d1eeaf4552c61abba450b,Joined the Program,44.477407407407405,50,Joined the Program,0.4224137931034483,opted_out
opted_out_1595233448:7f88e142239011e2801364f33570b8d77cb4f1ec,Joined the Program,44.408668981481476,50,Joined the Program,0.4224137931034483,opted_out
opted_out_1595233449:b7fa11f50cbe5e5b4e427c9347f06f7e18876ea1,Joined the Program,44.405694444444435,50,Joined the Program,0.4224137931034483,opted_out
opted_out_1595233450:0770d4f0e28c10520934a9974ae207a42ef64ee4,Joined the Program,44.355046296296294,50,Joined the Program,0.4224137931034483,opted_out
opted_out_1591684557:69eec20fc0a05abb5553c7c14653d2d64a9d694e,Joined the Program,3.2572569444444444,50,Joined the Program,0.4224137931034483,opted_out
opted_out_1595233453:71954bbd18532f45ef0cb419d9afab10fef636f5,Joined the Program,44.281585648148145,50,Joined the Program,0.4224137931034483,opted_out
opted_out_1595233451:e5bf833f8c151839b39764127f4fd01dd5afc333,Joined the Program,44.2975,50,Joined the Program,0.4224137931034483,opted_out
opted_out_1595233457:d551c66cbc9f8d0ae83d63746166a979680207c6,Joined the Program,44.235868055555564,50,Joined the Program,0.4224137931034483,opted_out
opted_out_1595233458:a75a98cb950055eb244a7694acd85cbbc5941f66,Joined the Program,44.226527777777775,50,Joined the Program,0.4224137931034483,opted_out
opted_out_1595233460:4b660237b9a92724b51b6df40e36e135a66c24bf,Joined the Program,44.225335648148146,50,Joined the Program,0.4224137931034483,opted_out
opted_out_1595233456:3c2463b7c3f1a06aff55c9f0267db56be26d70fe,Joined the Program,44.251006944444434,50,Joined the Program,0.4224137931034483,opted_out
opted_out_1595233454:b4254b7fd1efaecfdf00e5f2005d6612ca026e4c,Joined the Program,44.26159722222222,50,Joined the Program,0.4224137931034483,opted_out
opted_out_1595233455:cf78c3d440af3cc3a626091ab0c6278a2eeaccc8,Joined the Program,44.260173611111114,50,Joined the Program,0.4224137931034483,opted_out
opted_out_1595233461:ccc6662956c529064af092ae3d057ab22b719701,Joined the Program,44.12844907407408,50,Joined the Program,0.4224137931034483,opted_out
opted_out_1595233463:65713014b78e0d2ceae925b7a2aa9c0bd9b706f1,Joined the Program,43.99526620370371,50,Joined the Program,0.4224137931034483,opted_out
opted_out_1595233462:b5b9e59ac9db7db072bbdd1cfc2cf7d4af40a5c1,Joined the Program,44.088043981481476,50,Joined the Program,0.4224137931034483,opted_out
opted_out_1595233464:e525f76ce9ad75e012a2a0bbcf4be088dae6b63d,Joined the Program,43.950949074074074,50,Joined the Program,0.4224137931034483,opted_out
opted_out_1595233466:4dc8d91653d29a6211477c08687c10c4f261b913,Joined the Program,43.94877314814815,50,Joined the Program,0.4224137931034483,opted_out
opted_out_1591667887:01fc8d04d2327d71dabe9b3d15eed3db30dc9f23,Joined the Program,2.6490509259259256,50,Joined the Program,0.4224137931034483,opted_out
opted_out_1598892615:ba2a7e19b21db0baca26c925537dbc93e7b6b725,Joined the Program,82.15587962962962,50,Joined the Program,0.4224137931034483,opted_out
opted_out_1598722720:310d4eee6d01a1c1d379eafd397d23134b828f08,Joined the Program,80.07131944444444,50,Joined the Program,0.4224137931034483,opted_out
opted_out_1607980447:14e44c58e9aa12cec0fb229d4c0ee03e9d445762,Joined the Program,5.485092592592593,100,Joined the Program,0.4224137931034483,opted_out
opted_out_1607773014:883588ab9519318646f2d2208b9d73c3abc95295,Joined the Program,0.16854166666666667,100,Joined the Program,0.4224137931034483,opted_out
opted_out_1608141779:f9dc66d1bd206abb604a275f3f3a8124850230db,Joined the Program,0.00045138888888888887,100,Joined the Program,0.4224137931034483,opted_out
opted_out_1616069465:589ee29f5093bbda4e440fe726cf5e55f9a31574,Joined the Program,83.17940972222222,100,Joined the Program,0.4224137931034483,opted_out
opted_out_1609393270:80523e8737728418e461cbd0b48d7a5840ad66c9,Joined the Program,0.007777777777777778,100,Joined the Program,0.4224137931034483,opted_out
opted_out_1610149550:16174fe2f53b7d8c6df5e15934a22300dcb21c6f,Joined the Program,0.005810185185185186,50,Joined the Program,0.4224137931034483,opted_out
opted_out_1614964028:467c1c8f0937c71ca3ebaa33a2161db3f6ad047f,Joined the Program,58.17236111111111,50,Joined the Program,0.4224137931034483,opted_out
opted_out_1611371148:d55511231eed7b27a68571828d06fe7faac4dfcf,Joined the Program,0.0014583333333333336,50,Joined the Program,0.4224137931034483,opted_out
opted_out_1611422157:e5b1de9195da24ad2d32e972116b46c9c1dd5bd7,Joined the Program,0.003229166666666666,50,Joined the Program,0.4224137931034483,opted_out
opted_out_1612479227:7ff0998db4ada9dc54e6303f89766b1927c20380,Joined the Program,0.05541666666666667,50,Joined the Program,0.4224137931034483,opted_out
opted_out_1614780149:4283baadddb055590a07eb1e920893d88d39bcfe,Joined the Program,0.0011342592592592591,50,Joined the Program,0.4224137931034483,opted_out
opted_out_1616567234:fe0281efa5a10d621d6caeee17ea8e66549a4ea7,Joined the Program,6.9470023148148154,50,Joined the Program,0.4224137931034483,opted_out
opted_out_1616337640:cad5b810cbe724fcf91cba35f2bd1d1fb378139d,Joined the Program,0.007210648148148148,50,Joined the Program,0.4224137931034483,opted_out
opted_out_1616338059:cad5b810cbe724fcf91cba35f2bd1d1fb378139d,Joined the Program,0.002407407407407408,50,Joined the Program,0.4224137931034483,opted_out
opted_out_1616279672:278f87e31c4c1a547f9058c24d80c21a522a6e7c,Joined the Program,0.005763888888888889,50,Joined the Program,0.4224137931034483,opted_out
opted_out_1615710814:519cb0b9800b0c2a7f45d3d7e257815bec2796fa,Joined the Program,0.25872685185185185,50,Joined the Program,0.4224137931034483,opted_out
opted_out_1619374994:c95dc0944585d32fae48d37eb1111f89b99b5f0b,Joined the Program,0.010706018518518521,50,Joined the Program,0.4224137931034483,opted_out
opted_out_1619880367:ece5afe6014e4db661f3eaf50f877add7af6a56a,Joined the Program,7.529409722222222,50,Joined the Program,0.4224137931034483,opted_out
opted_out_1620994914:dc230877f75028d39b340489e7f71ab05194cd96,Joined the Program,0.005,50,Joined the Program,0.4224137931034483,opted_out
opted_out_1621792468:84dbacf2fc52e21a133734ff4c28dfeb2afd6a7c,Joined the Program,0.01074074074074074,50,Joined the Program,0.4224137931034483,opted_out
opted_out_1623275256:d9c79eca21a423e8c366170aa8f243c4daa976fd,Joined the Program,0.0034953703703703705,50,Joined the Program,0.4224137931034483,opted_out
opted_out_1636095920:467e225e87b0ad6be5dcdb42195dea9b05a98050,Joined the Program,140.6197337962963,50,Joined the Program,0.4224137931034483,opted_out
opted_out_1624782355:b2d111389314126ca6262be2907499301e981fe8,Joined the Program,8.728564814814815,50,Joined the Program,0.4224137931034483,opted_out
opted_out_1624742759:55a0bbbbe7c23966b60d610b19737c66c4fa9e74,Joined the Program,0.005763888888888889,50,Joined the Program,0.4224137931034483,opted_out
opted_out_1627252812:d013aff73be823393b92146a9836a632dfd88190,Joined the Program,0.004039351851851852,50,Joined the Program,0.4224137931034483,opted_out
opted_out_1628620193:32347fffea5ddeb8efd57cf9ed4e350662b8de53,Joined the Program,0.0007175925925925926,50,Joined the Program,0.4224137931034483,opted_out
opted_out_1646973495:d93aa138e8098d7d57f6f49d2af42a66dec2b96b,Joined the Program,208.9157638888889,50,Joined the Program,0.4224137931034483,opted_out
opted_out_1629003210:4e0cbca69d8b07e9ceaacd01d76b974d0944acbe,Joined the Program,0.023206018518518518,50,Joined the Program,0.4224137931034483,opted_out
opted_out_1631778125:bffcf450a9d391ea73cd01b140b10950d530d940,Joined the Program,0.019976851851851853,50,Joined the Program,0.4224137931034483,opted_out
opted_out_1632391012:b1f61c7bbf093518e98e075f0e02be3c06a937d6,Joined the Program,0.005324074074074074,50,Joined the Program,0.4224137931034483,opted_out
opted_out_1632286004:b1f61c7bbf093518e98e075f0e02be3c06a937d6,Joined the Program,0.4052199074074074,50,Joined the Program,0.4224137931034483,opted_out
opted_out_1632916401:5a6734ad6e9281d99e6e7abdb2a527ccec57bd0a,Joined the Program,0.972650462962963,50,Joined the Program,0.4224137931034483,opted_out
opted_out_1635868006:a526652a0b2f3b5f800a36fe91a1a17edfe69269,Joined the Program,0.00040509259259259264,50,Joined the Program,0.4224137931034483,opted_out
opted_out_1636210631:9691ce640234537084f28eef2c9d95d76e62f6ce,Joined the Program,0.002476851851851852,50,Joined the Program,0.4224137931034483,opted_out
opted_out_1636479558:c82182a5f5b6b1bd4594fbea6b811c9bf867fce5,Joined the Program,0.007418981481481481,50,Joined the Program,0.4224137931034483,opted_out
opted_out_1636481117:c82182a5f5b6b1bd4594fbea6b811c9bf867fce5,Joined the Program,0.0002662037037037037,50,Joined the Program,0.4224137931034483,opted_out
opted_out_1636958389:1451b1bb1fe0593e03b5f2209e22e8fc218735f8,Joined the Program,0.11503472222222222,50,Joined the Program,0.4224137931034483,opted_out
opted_out_1657176975:a9cd5f19fb6472434fee067d74e8b0b9e38ae015,Joined the Program,239.99981481481478,50,Joined the Program,0.4224137931034483,opted_out
opted_out_1657817194:53c81a25b5772285ac7a5a7726b2a4134964a0d7,Joined the Program,232.9897453703704,50,Joined the Program,0.4224137931034483,opted_out
opted_out_1638110530:55768e5626620646e2030a692027d5197abef335,Joined the Program,0.2283217592592593,50,Joined the Program,0.4224137931034483,opted_out
opted_out_1638940077:61bb70fa60368f069e62d601c357d203700ab2d2,Joined the Program,0.0014467592592592592,50,Joined the Program,0.4224137931034483,opted_out
opted_out_1638940512:2a02c1bfeb41862c87edd4a443caafdf3246dadf,Joined the Program,0.0015625,50,Joined the Program,0.4224137931034483,opted_out
opted_out_1638940656:2a02c1bfeb41862c87edd4a443caafdf3246dadf,Joined the Program,0.0006712962962962962,50,Joined the Program,0.4224137931034483,opted_out
opted_out_1638950245:2a02c1bfeb41862c87edd4a443caafdf3246dadf,Joined the Program,0.10912037037037037,50,Joined the Program,0.4224137931034483,opted_out
opted_out_1646752347:1627bdc7ab75c4b437e01bf6c1337761438dc726,Joined the Program,54.222928240740735,50,Joined the Program,0.4224137931034483,opted_out
opted_out_1644563906:07df646fbca858e0b4284e4547595ae3b8cb0605,Joined the Program,0.016585648148148148,50,Joined the Program,0.4224137931034483,opted_out
opted_out_1645031339:bb03ea31379e57562a57cd791032ec08a8290d2f,Joined the Program,0.00045138888888888887,50,Joined the Program,0.4224137931034483,opted_out
opted_out_1646752986:1627bdc7ab75c4b437e01bf6c1337761438dc726,Joined the Program,0.0007175925925925926,50,Joined the Program,0.4224137931034483,opted_out
opted_out_1646825572:f93c658638f4950fcdf531a7e5578538e4f96736,Joined the Program,0.03516203703703704,50,Joined the Program,0.4224137931034483,opted_out
opted_out_1646826156:f93c658638f4950fcdf531a7e5578538e4f96736,Joined the Program,0.006608796296296297,50,Joined the Program,0.4224137931034483,opted_out
opted_out_1646971289:d3f6b767b8460ac0df91e3b029d2ac3764c746ff,Joined the Program,0.004837962962962963,50,Joined the Program,0.4224137931034483,opted_out
opted_out_1646984095:ea93bb0d54697beb6e5eef46c43e35724004aa1c,Joined the Program,0.12150462962962966,50,Joined the Program,0.4224137931034483,opted_out
opted_out_1646984410:2065bd515d063ff1e2edd8e055f2c48735314042,Joined the Program,0.12100694444444444,50,Joined the Program,0.4224137931034483,opted_out
opted_out_1646840452:c5977386f9a926a885d77e6d0e21d37c3030f3b0,Joined the Program,0.02177083333333333,50,Joined the Program,0.4224137931034483,opted_out
opted_out_1657817016:ecdac2544df48a000d5147d121aba76713a4a5fa,Joined the Program,125.38026620370371,50,Joined the Program,0.4224137931034483,opted_out
opted_out_1655451375:d820a11e1539294365e5df17a7ab2aeb8670c22e,Joined the Program,0.002384259259259259,50,Joined the Program,0.4224137931034483,opted_out
opted_out_1655451894:d820a11e1539294365e5df17a7ab2aeb8670c22e,Joined the Program,0.005138888888888889,50,Joined the Program,0.4224137931034483,opted_out
opted_out_1659109119:79ced4858573f4a610903d902ac284a7faf91018,Joined the Program,8.947997685185186,50,Joined the Program,0.4224137931034483,opted_out
opted_out_1659109223:d201ca94a55d6520748a8df11c0c33f798779065,Joined the Program,8.948043981481481,50,Joined the Program,0.4224137931034483,opted_out
opted_out_1657822214:ab9a1017b9a9ae35ab8522660618c722dc9cd793,Joined the Program,0.029259259259259263,50,Joined the Program,0.4224137931034483,opted_out
opted_out_1657821080:c07e342b815e18a6ef1c9178b1e3fc88b4571cd0,Joined the Program,0.0016550925925925926,50,Joined the Program,0.4224137931034483,opted_out
opted_out_1658251492:c9230fd517494889f4f5bdd617bfa523e8fe04a0,Joined the Program,4.980625,50,Joined the Program,0.4224137931034483,opted_out
opted_out_1657870975:f61f3233386c02f315a2ce8d6548af669d3d6ff4,Joined the Program,0.00040509259259259264,50,Joined the Program,0.4224137931034483,opted_out
opted_out_1658251640:950a1b7017657f605318fab934a8d9f82309d565,Joined the Program,0.0006712962962962962,50,Joined the Program,0.4224137931034483,opted_out
opted_out_1658335918:92b865915160cc0893b3d7401ff1afaba8581b8f,Joined the Program,0.9744328703703704,50,Joined the Program,0.4224137931034483,opted_out
opted_out_1659714425:223f5df06a76c7fb4e77cd63cf7342d61c22324c,Joined the Program,0.04989583333333333,50,Joined the Program,0.4224137931034483,opted_out
opted_out_1591794951:5b3754e33b9276e4dfa2c3c7fb15428e150f0b3e,Joined the Program,6.910775462962962,50,Joined the Program,0.4224137931034483,opted_out
opted_out_1595162926:906a04bd75af4e334fd4b534af709f687ed3dfd3,Joined the Program,45.80047453703704,50,Joined the Program,0.4224137931034483,opted_out
opted_out_1591796599:46c0d6ea0c77d1ff52ae96b8392d350c373e085c,Joined the Program,6.781076388888889,50,Joined the Program,0.4224137931034483,opted_out
opted_out_1591796324:f2705a541c35ef7feb996d193c05389f0ddf6856,Joined the Program,6.777511574074074,50,Joined the Program,0.4224137931034483,opted_out
opted_out_1595164342:7214e05571e750dcea1c416683e6694f99c2e533,Joined the Program,45.75506944444446,50,Joined the Program,0.4224137931034483,opted_out
opted_out_1595163197:f2396a50039d4e2ea659382f917f7782bd6a3813,Joined the Program,45.720173611111115,50,Joined the Program,0.4224137931034483,opted_out
opted_out_1595163505:5cfc91e6b6d0d65b508a0701405d456f137b8d66,Joined the Program,45.694085648148146,50,Joined the Program,0.4224137931034483,opted_out
opted_out_1595163947:789a5bc685ac033e9f1052215b30b5dd38c95bce,Joined the Program,45.66354166666667,50,Joined the Program,0.4224137931034483,opted_out
opted_out_1595164011:c81b9873c6e830dd25e3748b1549c291cbdaf68b,Joined the Program,45.49922453703704,50,Joined the Program,0.4224137931034483,opted_out
opted_out_1596477473:06ff37c64730bb24bdfec4effdf51f2792817522,Joined the Program,0.003171296296296296,50,Joined the Program,0.4224137931034483,opted_out
opted_out_1602434250:f3d6cadf26876213b31b9d9fce7ae2392f921847,Joined the Program,0.0017708333333333332,100,Joined the Program,0.4224137931034483,opted_out
opted_out_1602434257:cc6f06361540a498fce382035674d15f125d376a,Joined the Program,0.00125,50,Joined the Program,0.4224137931034483,opted_out
opted_out_1602434534:48982f52a5f5ac556b03f839b265b8d978677f18,Joined the Program,0.002303240740740741,100,Joined the Program,0.4224137931034483,opted_out
opted_out_1602434564:cc6f06361540a498fce382035674d15f125d376a,Joined the Program,0.00011574074074074077,50,Joined the Program,0.4224137931034483,opted_out
opted_out_1602434593:cc6f06361540a498fce382035674d15f125d376a,Joined the Program,0.00013888888888888892,50,Joined the Program,0.4224137931034483,opted_out
opted_out_1602434727:cc6f06361540a498fce382035674d15f125d376a,Joined the Program,6.944444444444444e-05,50,Joined the Program,0.4224137931034483,opted_out
opted_out_1602434755:cc6f06361540a498fce382035674d15f125d376a,Joined the Program,9.25925925925926e-05,100,Joined the Program,0.4224137931034483,opted_out
opted_out_1602434787:cc6f06361540a498fce382035674d15f125d376a,Joined the Program,6.944444444444444e-05,50,Joined the Program,0.4224137931034483,opted_out
opted_out_1595233372:295df4a5051a775dd5a1e5a8b7410d884bbbb74b,Joined the Program,45.24842592592593,50,Joined the Program,0.4224137931034483,opted_out
opted_out_1595233370:efe2bfeac5a280bd36ca25910253e8c23bc94440,Joined the Program,45.25755787037037,50,Joined the Program,0.4224137931034483,opted_out
opted_out_1595233369:bb9d431cf180df05ce8e2ca2fad41b14f9f797f6,Joined the Program,45.270625,50,Joined the Program,0.4224137931034483,opted_out
opted_out_1595233373:f4690adfda61b1791646f4aabb28a14efda04b2f,Joined the Program,45.23077546296296,50,Joined the Program,0.4224137931034483,opted_out
opted_out_1595233377:704d83d249e70ad342071c94542c062c40f3b1aa,Joined the Program,45.191365740740736,50,Joined the Program,0.4224137931034483,opted_out
opted_out_1595233376:92f797456eb23270224f0a1d9a40e0ee599cb439,Joined the Program,45.20170138888889,50,Joined the Program,0.4224137931034483,opted_out
opted_out_1595233378:e5f46fecbfef709ea56955024b298d2829ecec5f,Joined the Program,45.18130787037037,50,Joined the Program,0.4224137931034483,opted_out
opted_out_1610525762:bf7fcb36c7f79b0d0db7b2e2cdba9b1886da75ab,Joined the Program,222.1748958333333,50,Joined the Program,0.4224137931034483,opted_out
opted_out_1595233384:5467721378cf23bb19d45c8d00334e0ebc0abe7b,Joined the Program,45.157743055555564,50,Joined the Program,0.4224137931034483,opted_out
opted_out_1595233386:646344de1e27f558a2750ac7797d35ebf749e753,Joined the Program,45.155381944444436,50,Joined the Program,0.4224137931034483,opted_out
opted_out_1595233388:a0193a268428ae1e02367e2ece3dabc6235e72b5,Joined the Program,45.15359953703704,50,Joined the Program,0.4224137931034483,opted_out
opted_out_1595233389:3652455362a608af3d5d513055b0674ac476fc63,Joined the Program,45.15171296296296,50,Joined the Program,0.4224137931034483,opted_out
opted_out_1595233391:15eaf9e21c9a7a0b701c543aa943f5421bf561a0,Joined the Program,45.13028935185186,50,Joined the Program,0.4224137931034483,opted_out
opted_out_1595233393:d3bbfebf897cb2629979907bd4c101de01d5094c,Joined the Program,45.1194212962963,50,Joined the Program,0.4224137931034483,opted_out
opted_out_1595233395:0b71f1db9731010616cb0efbbdd6e3c9964cb6fd,Joined the Program,45.09351851851852,50,Joined the Program,0.4224137931034483,opted_out
opted_out_1591431777:9fadca661ef1e0324494ca5d77913629f6040b22,Joined the Program,1.0743981481481482,50,Joined the Program,0.4224137931034483,opted_out
opted_out_1595233399:973a37c0d11d185fd9e58671e35bc8e144d905e5,Joined the Program,45.079074074074065,50,Joined the Program,0.4224137931034483,opted_out
opted_out_1595233396:701dcc886002aad00e445c35a36e9cc017d9bddf,Joined the Program,45.09179398148147,50,Joined the Program,0.4224137931034483,opted_out
opted_out_1595233397:2cf63034f1462340ed220e19873a11b8bedaf468,Joined the Program,45.09150462962963,50,Joined the Program,0.4224137931034483,opted_out
opted_out_1591503208:2a4f61be46715fe3a9414d1c5d22809893faaeca,Joined the Program,1.8725925925925928,50,Joined the Program,0.4224137931034483,opted_out
opted_out_1595233407:0cec42978559ebbd89736d755e66b1d5d5738311,Joined the Program,45.042986111111105,50,Joined the Program,0.4224137931034483,opted_out
opted_out_1595233413:8b8586343dc88c9c92cd9dc70294612bcb65be9a,Joined the Program,44.98059027777778,50,Joined the Program,0.4224137931034483,opted_out
opted_out_1595233414:1ef779e7e8a8b0686aab053ff06881fe89733749,Joined the Program,44.97222222222222,50,Joined the Program,0.4224137931034483,opted_out
opted_out_1595233423:0b2899de0e607fc93cd844325ccd0771801322f5,Joined the Program,44.93513888888889,50,Joined the Program,0.4224137931034483,opted_out
opted_out_1595233426:e7428c894d8416f4d1805a9313b806e1d31e0c5d,Joined the Program,44.922511574074065,50,Joined the Program,0.4224137931034483,opted_out
opted_out_1595233428:b4d47dfefe4fd6f10748ea687118f7fd9fd0aa71,Joined the Program,44.86922453703704,50,Joined the Program,0.4224137931034483,opted_out
opted_out_1595233429:e16b74e5c778c4a506935b59ab0adda782b17521,Joined the Program,44.86245370370371,50,Joined the Program,0.4224137931034483,opted_out
opted_out_1595233431:a07e904eb9b4dff9ddd1a2891e157001b0f3d160,Joined the Program,44.83921296296296,50,Joined the Program,0.4224137931034483,opted_out
opted_out_1595233433:b4b1a8fbb349a6deb3637af98f4fc62692440985,Joined the Program,44.81770833333334,50,Joined the Program,0.4224137931034483,opted_out
opted_out_1595233435:72b22d5bf8705ee477d9ff88750c4978869a6bb3,Joined the Program,44.79181712962963,50,Joined the Program,0.4224137931034483,opted_out
opted_out_1595233432:84986cabde99998e757ba81c6b2d92602c850f8b,Joined the Program,44.82082175925926,50,Joined the Program,0.4224137931034483,opted_out
opted_out_1595233434:3fad5135cc0186d266a6446f0dae87f005419116,Joined the Program,44.80474537037037,50,Joined the Program,0.4224137931034483,opted_out
opted_out_1595233436:2c7c6acc97f68aa66c2d18b94e95c31b6c1a5606,Joined the Program,44.77599537037037,50,Joined the Program,0.4224137931034483,opted_out
opted_out_1595233439:a9b672e7a12878e615c76d79f2f4e117bc4d6f75,Joined the Program,44.704131944444434,50,Joined the Program,0.4224137931034483,opted_out
opted_out_1595233437:45d599d57b96c59b9e74ea61d7584f8a18533135,Joined the Program,44.71590277777778,50,Joined the Program,0.4224137931034483,opted_out
opted_out_1591432013:0508be0385f0e7179b373db98e3b4b61ef0c88f9,Joined the Program,0.7044560185185185,50,Joined the Program,0.4224137931034483,opted_out
opted_out_1591591035:e9a6fccc8ecae0e72862bd3131bc1009c5419462,Joined the Program,0.003611111111111111,50,Joined the Program,0.4224137931034483,opted_out
opted_out_1610037543:b2d0fb62b1a9fdee936a58340de7300507e29818,Joined the Program,0.00738425925925926,50,Joined the Program,0.4224137931034483,opted_out
opted_out_1610037620:b2d0fb62b1a9fdee936a58340de7300507e29818,Joined the Program,0.0006828703703703704,50,Joined the Program,0.4224137931034483,opted_out
opted_out_1610037691:b2d0fb62b1a9fdee936a58340de7300507e29818,Joined the Program,0.0007291666666666668,50,Joined the Program,0.4224137931034483,opted_out
opted_out_1632671380:b1f61c7bbf093518e98e075f0e02be3c06a937d6,Joined the Program,3.2447800925925927,50,Joined the Program,0.4224137931034483,opted_out
opted_out_1591292662:7201553a1770fccd028d479f41a7467f9eb59000,point_add,0.002280092592592593,100,point_add,0.004310344827586207,opted_out
opted_out_1600466652:1aee49d3d435ff760c9fb9bad9f865ccd37746a9,point_add,35.61459490740741,100,point_add,0.004310344827586207,opted_out
opted_out_1598722647:d6b6f8c87b0642bdb6b69ded51272a209a207236,daily_login,3.1422337962962965,50,daily_login,0.00646551724137931,opted_out
opted_out_1591675349:ebd3a79c323e3b6d1249cb6d547c83ab268c4f99,daily_login,0.5579513888888888,50,daily_login,0.00646551724137931,opted_out
opted_out_1591805709:04703438719e7960bbcfb9d7da5667bc6c226f96,daily_login,0.0019444444444444446,50,daily_login,0.00646551724137931,opted_out
opted_out_1602434168:542fb58529e1bd1a0413aad89f4031e68c1202d2,program_transfer,12.270474537037034,50,program_transfer,0.008620689655172414,opted_out
opted_out_1602434214:5b7a16d38ad09e93e914f4b0772d03b172197c2b,program_transfer,12.27625,50,program_transfer,0.008620689655172414,opted_out
opted_out_1602434203:8c7228be32b4a94b43c49c6741e70f99efe7db06,program_transfer,12.275590277777773,50,program_transfer,0.008620689655172414,opted_out
opted_out_1602434209:632584e829d9c6313549195a8b4461b575edccbf,program_transfer,12.274722222222223,50,program_transfer,0.008620689655172414,opted_out
opted_out_1618425229:a01acecdf105333006c781018fadd72a5c409a0b,Complete your referral with a purchase,0.014409722222222225,100,Complete your referral with a purchase,0.0021551724137931034,opted_out
opted_out_1621809233:b4b1f75ef335a0b8ba867a000a9bebec4a92d06b,referral_points,0.35974537037037035,50,referral_points,0.0021551724137931034,opted_out
